<?xml version="1.0" encoding="UTF-8"?>
<project-private xmlns="http://www.netbeans.org/ns/project-private/1">
    <editor-bookmarks xmlns="http://www.netbeans.org/ns/editor-bookmarks/2" lastBookmarkId="0"/>
    <open-files xmlns="http://www.netbeans.org/ns/projectui-open-files/2">
        <group>
            <file>file:/F:/ClinicGUIFinal/src/Screenshot%202024-05-05%20181816.png</file>
            <file>file:/F:/ClinicGUIFinal/src/Bundle.properties</file>
            <file>file:/F:/ClinicGUIFinal/src/NewPatient.java</file>
            <file>file:/F:/ClinicGUIFinal/src/DataBaseOperations.java</file>
            <file>file:/F:/ClinicGUIFinal/src/Doctor.java</file>
            <file>file:/F:/ClinicGUIFinal/src/Connection.java</file>
            <file>file:/F:/ClinicGUIFinal/src/Appointment.java</file>
            <file>file:/F:/ClinicGUIFinal/src/Screenshot%202024-05-05%20181343.png</file>
            <file>file:/F:/ClinicGUIFinal/src/Patient.java</file>
            <file>file:/F:/ClinicGUIFinal/src/Billing.java</file>
            <file>file:/F:/ClinicGUIFinal/src/PatientManagement.java</file>
            <file>file:/F:/ClinicGUIFinal/src/OldPatient.java</file>
        </group>
    </open-files>
</project-private>
